trace_id,side,role,source,is_fee_evaluated,order_status,platform_fee_rate,platform_fee_asset,exchange_fee_rate,exchange_fee_asset,exchange_gt_fee_rate,exchange_gt_fee_asset,fee_mismatch,asset_mismatch,gt_fee_mismatch,gt_asset_mismatch,fee_difference,gt_fee_difference,sign_mismatch
9189459800012963001,Ask,Maker,Trade,False,Filled,-0.0011396952104499,aux,0.0,quote,-0.0011396952104499,aux,True,True,False,False,-0.0011396952104499,0.0,False
9189482614881197538,Ask,Maker,OrderChange,True,Filled,-0.0006678156748911,aux,0.0,quote,-0.0006678156748911,aux,True,True,False,False,-0.0006678156748911,0.0,False
9189918021485891433,Bid,Maker,Trade,False,Filled,-0.0046095,quote,-0.0046095,quote,0.0,aux,False,False,True,True,0.0,-0.0046095,False
9189961727074654250,Ask,Maker,Trade,False,Filled,-0.0005485,base,-0.0005485,base,0.0,aux,False,False,True,True,0.0,-0.0005485,False
9189961727074654258,Ask,Maker,Trade,False,Filled,-0.0014515,base,-0.0014515,base,0.0,aux,False,False,True,True,0.0,-0.0014515,False
9190035944108125097,Bid,Maker,OrderChange,True,Filled,-0.0010487769575915,aux,0.0,base,-0.0010487769575915,aux,True,True,False,False,-0.0010487769575915,0.0,False
9190760797147893709,Bid,Maker,OrderChange,True,Filled,-0.00792,quote,0.0,base,0.0,aux,True,True,True,True,-0.00792,-0.00792,False
9190901534636479098,Ask,Maker,Trade,False,Filled,-0.0014226664777557,aux,0.0,quote,-0.0014226664777557,aux,True,True,False,False,-0.0014226664777557,0.0,False
9191032101640862986,Ask,Maker,OrderChange,True,Filled,-0.0011502898345822,aux,0.0,quote,-0.0011502898345822,aux,True,True,False,False,-0.0011502898345822,0.0,False
9191032376519092321,Bid,Maker,Trade,False,Filled,-0.0006626131221719,aux,0.0,base,-0.0006626131221719,aux,True,True,False,False,-0.0006626131221719,0.0,False
9191055741143834833,Bid,Maker,Trade,False,Filled,-0.001158993923979,aux,0.0,base,-0.001158993923979,aux,True,True,False,False,-0.001158993923979,0.0,False
9191126384765839744,Bid,Maker,Trade,False,Filled,-0.008056,quote,-0.008056,quote,0.0,aux,False,False,True,True,0.0,-0.008056,False
9191281690782904000,Bid,Maker,Trade,False,Filled,-0.0011140236187262,aux,0.0,base,-0.0011140236187262,aux,True,True,False,False,-0.0011140236187262,0.0,False
9191282240536408126,Bid,Maker,OrderChange,True,Filled,-0.0010300899887514,aux,0.0,base,-0.0010300899887514,aux,True,True,False,False,-0.0010300899887514,0.0,False
9191282240536408241,Ask,Maker,OrderChange,True,Filled,-2.5e-06,base,0.0,quote,0.0,aux,True,True,True,True,-2.5e-06,-2.5e-06,False
9191282240536445052,Ask,Maker,OrderChange,True,Filled,-4.25e-05,base,0.0,quote,0.0,aux,True,True,True,True,-4.25e-05,-4.25e-05,False
9191282240536445057,Ask,Maker,OrderChange,True,Placed,-0.030881,base,0.0,quote,0.0,aux,True,True,True,True,-0.030881,-0.030881,False
9191282515417933103,Bid,Maker,Trade,False,Filled,-0.0079002,quote,-0.0079002,quote,0.0,aux,False,False,True,True,0.0,-0.0079002,False
9191316325399227215,Ask,Maker,OrderChange,True,Filled,-0.0011316769316909,aux,0.0,quote,-0.0011316769316909,aux,True,True,False,False,-0.0011316769316909,0.0,False
9191316600278405668,Bid,Maker,OrderChange,True,Placed,-9.80773765397e-05,aux,0.0,base,-9.80773765397e-05,aux,True,True,False,False,-9.80773765397e-05,0.0,False
9191326221002103020,Bid,Maker,Trade,False,Filled,-0.00790155,quote,-0.00790155,quote,0.0,aux,False,False,True,True,0.0,-0.00790155,False
9191580757943778177,Bid,Maker,Trade,False,Filled,-0.0080654,quote,-0.0080654,quote,0.0,aux,False,False,True,True,0.0,-0.0080654,False
9191643979863197739,Ask,Maker,OrderChange,True,Filled,-0.05,base,0.0,quote,0.0,aux,True,True,True,True,-0.05,-0.05,False
9191721495433167778,Bid,Maker,Trade,False,Filled,-0.000645099002949,aux,0.0,base,-0.000645099002949,aux,True,True,False,False,-0.000645099002949,0.0,False
9191791314421422998,Bid,Maker,OrderChange,True,Filled,-0.0011177154870357,aux,0.0,base,-0.0011177154870357,aux,True,True,False,False,-0.0011177154870357,0.0,False
9191805608071156754,Bid,Maker,Trade,False,Filled,-0.003109897133,quote,-0.003109897133,quote,0.0,aux,False,False,True,True,0.0,-0.003109897133,False
9191806707585133414,Bid,Maker,Trade,False,Filled,-0.0006788980063034,aux,0.0,base,-0.0006788980063034,aux,True,True,False,False,-0.0006788980063034,0.0,False
9191823750013219120,Bid,Maker,Trade,False,Filled,-0.0011135152195258,aux,0.0,base,-0.0011135152195258,aux,True,True,False,False,-0.0011135152195258,0.0,False
9191823750016078601,Bid,Maker,Trade,False,Filled,-0.00793,quote,-0.00793,quote,0.0,aux,False,False,True,True,0.0,-0.00793,False
9191824024890922518,Ask,Maker,Trade,False,Filled,-0.0014022359377191,aux,0.0,quote,-0.0014022359377191,aux,True,True,False,False,-0.0014022359377191,0.0,False
9191957615554112602,Ask,Maker,OrderChange,True,Filled,-0.002,base,0.0,quote,0.0,aux,True,True,True,True,-0.002,-0.002,False
9191992250170388037,Bid,Maker,Trade,False,Filled,-0.00110306265805,aux,0.0,base,-0.00110306265805,aux,True,True,False,False,-0.00110306265805,0.0,False
9192414187759208303,Ask,Maker,Trade,False,Filled,-0.0011286936236391,aux,0.0,quote,-0.0011286936236391,aux,True,True,False,False,-0.0011286936236391,0.0,False
9192537607938158283,Ask,Taker,Trade,False,Filled,0.01733457,quote,0.01733457,quote,0.0,aux,False,False,True,True,0.0,0.01733457,False
9192537607938238194,Ask,Maker,Trade,False,Filled,-4.5e-05,base,-4.5e-05,base,0.0,aux,False,False,True,True,0.0,-4.5e-05,False
9192539532084168507,Ask,Maker,Trade,False,Filled,-0.05,base,-0.05,base,0.0,aux,False,False,True,True,0.0,-0.05,False
9192541731108466076,Bid,Maker,OrderChange,True,Filled,-0.0078531,quote,0.0,base,0.0,aux,True,True,True,True,-0.0078531,-0.0078531,False
9192543105497331575,Ask,Maker,OrderChange,True,Filled,-0.05,base,0.0,quote,0.0,aux,True,True,True,True,-0.05,-0.05,False
9192557948905557744,Bid,Maker,Trade,False,Filled,-0.0072,quote,-0.0072,quote,0.0,aux,False,False,True,True,0.0,-0.0072,False
9192566470118072654,Ask,Maker,Trade,False,Filled,-0.0001551025510117,aux,0.0,quote,-0.0001551025510117,aux,True,True,False,False,-0.0001551025510117,0.0,False
9192566744995957294,Ask,Maker,Trade,False,Filled,-0.011583,base,-0.011583,base,0.0,aux,False,False,True,True,0.0,-0.011583,False
9192566744996412683,Ask,Maker,Trade,False,Filled,-0.031429,base,-0.031429,base,0.0,aux,False,False,True,True,0.0,-0.031429,False
9192568944020640854,Ask,Maker,Trade,False,Filled,-0.0325,base,-0.0325,base,0.0,aux,False,False,True,True,0.0,-0.0325,False
9192618696921283020,Bid,Maker,Trade,False,Filled,-0.00992376,quote,-0.00992376,quote,0.0,aux,False,False,True,True,0.0,-0.00992376,False
9192849319483624374,Bid,Maker,Trade,False,Filled,-0.0013931930272108,aux,0.0,base,-0.0013931930272108,aux,True,True,False,False,-0.0013931930272108,0.0,False
9192849319486099239,Bid,Maker,OrderChange,True,Filled,-0.00982194,quote,0.0,base,0.0,aux,True,True,True,True,-0.00982194,-0.00982194,False
9194423270381310222,Bid,Maker,OrderChange,True,Filled,-0.00771975,quote,0.0,base,0.0,aux,True,True,True,True,-0.00771975,-0.00771975,False
9194761919960284267,Bid,Maker,Trade,False,Filled,-0.0010984294611427,aux,0.0,base,-0.0010984294611427,aux,True,True,False,False,-0.0010984294611427,0.0,False
9194761919961626605,Bid,Maker,Trade,False,Filled,-0.001098145139453,aux,0.0,base,-0.001098145139453,aux,True,True,False,False,-0.001098145139453,0.0,False
9194792431410568277,Bid,Maker,Trade,False,Filled,-0.00804995,quote,-0.00804995,quote,0.0,aux,False,False,True,True,0.0,-0.00804995,False
9194842184312267671,Ask,Maker,Trade,False,Filled,-0.0010817752596789,aux,0.0,quote,-0.0010817752596789,aux,True,True,False,False,-0.0010817752596789,0.0,False
9195271268722289805,Bid,Maker,Trade,False,Filled,-0.0010771715817694,aux,0.0,base,-0.0010771715817694,aux,True,True,False,False,-0.0010771715817694,0.0,False
9195681661438574132,Ask,Maker,Trade,False,Filled,-0.0010588986486486,aux,0.0,quote,-0.0010588986486486,aux,True,True,False,False,-0.0010588986486486,0.0,False
9195727016294843456,Bid,Maker,OrderChange,True,Filled,-0.00781875,quote,0.0,base,0.0,aux,True,True,True,True,-0.00781875,-0.00781875,False
9195949117641441248,Bid,Maker,OrderChange,True,Filled,-0.0011023489932885,aux,0.0,base,-0.0011023489932885,aux,True,True,False,False,-0.0011023489932885,0.0,False
9196365007915095932,Ask,Maker,OrderChange,True,Filled,-0.0010787216607484,aux,0.0,quote,-0.0010787216607484,aux,True,True,False,False,-0.0010787216607484,0.0,False
9196447196408845462,Ask,Maker,OrderChange,True,Filled,-0.0011056002180133,aux,0.0,quote,-0.0011056002180133,aux,True,True,False,False,-0.0011056002180133,0.0,False
9197104429485991741,Bid,Maker,OrderChange,True,Filled,-0.0006309318555008,aux,0.0,base,-0.0006309318555008,aux,True,True,False,False,-0.0006309318555008,0.0,False
9197307014500996881,Ask,Maker,Trade,False,Filled,-0.0011139018052516,aux,0.0,quote,-0.0011139018052516,aux,True,True,False,False,-0.0011139018052516,0.0,False
9197408719327339461,Bid,Maker,Trade,False,Filled,-0.0081633,quote,-0.0081633,quote,0.0,aux,False,False,True,True,0.0,-0.0081633,False
9197446102723950876,Ask,Maker,Trade,False,Filled,-0.0011152185792349,aux,0.0,quote,-0.0011152185792349,aux,True,True,False,False,-0.0011152185792349,0.0,False
9197551930717918858,Ask,Maker,Trade,False,Filled,-0.05,base,-0.05,base,0.0,aux,False,False,True,True,0.0,-0.05,False
9197839727887907916,Bid,Maker,Trade,False,Filled,-0.001371783909302,aux,0.0,base,-0.001371783909302,aux,True,True,False,False,-0.001371783909302,0.0,False
9197840277643040423,Ask,Maker,Trade,False,Filled,-4.5e-05,base,-4.5e-05,base,0.0,aux,False,False,True,True,0.0,-4.5e-05,False
9197865291533254409,Ask,Maker,Trade,False,Placed,-0.0001418,base,-0.0001418,base,0.0,aux,False,False,True,True,0.0,-0.0001418,False
9198030493152307549,Bid,Maker,Trade,False,Filled,-0.00789885,quote,-0.00789885,quote,0.0,aux,False,False,True,True,0.0,-0.00789885,False
9198087392879435946,Ask,Maker,Trade,False,Filled,-0.05,base,-0.05,base,0.0,aux,False,False,True,True,0.0,-0.05,False
9198361995908770056,Bid,Maker,Trade,False,Filled,-0.0100119,quote,-0.0100119,quote,0.0,aux,False,False,True,True,0.0,-0.0100119,False
9198363920055384306,Bid,Maker,OrderChange,True,Filled,-0.0009373449594985,aux,0.0,base,-0.0009373449594985,aux,True,True,False,False,-0.0009373449594985,0.0,False
9198364744687334883,Bid,Maker,OrderChange,True,Filled,-0.0001825682516875,aux,0.0,base,-0.0011199132111861,aux,True,True,True,False,-0.0001825682516875,0.0009373449594986,False
9198367768346611829,Ask,Maker,Trade,False,Filled,-0.05,base,-0.05,base,0.0,aux,False,False,True,True,0.0,-0.05,False
9199151995013598639,Ask,Maker,Trade,False,Filled,-0.002,base,-0.002,base,0.0,aux,False,False,True,True,0.0,-0.002,False
9199268818125552235,Bid,Maker,Trade,False,Filled,-0.0010914840843323,aux,0.0,base,-0.0010914840843323,aux,True,True,False,False,-0.0010914840843323,0.0,False
9199316097125938711,Ask,Maker,Trade,False,Filled,-0.05,base,-0.05,base,0.0,aux,False,False,True,True,0.0,-0.05,False
9199396086593777581,Bid,Maker,Trade,False,Placed,-0.0003737059845132,aux,0.0,base,-0.0003737059845132,aux,True,True,False,False,-0.0003737059845132,0.0,False
9199475251433912115,Ask,Maker,OrderChange,True,Filled,-0.0011275242047026,aux,0.0,quote,-0.0011275242047026,aux,True,True,False,False,-0.0011275242047026,0.0,False
9199825995643341624,Bid,Maker,Trade,False,Filled,-0.0080703,quote,-0.0080703,quote,0.0,aux,False,False,True,True,0.0,-0.0080703,False
9200203952762129184,Ask,Maker,OrderChange,True,Filled,-0.05,base,0.0,quote,0.0,aux,True,True,True,True,-0.05,-0.05,False
9200758381502296539,Bid,Maker,OrderChange,True,Filled,-0.0010927826086956,aux,0.0,base,-0.0010927826086956,aux,True,True,False,False,-0.0010927826086956,0.0,False
9201238318325555543,Ask,Maker,Trade,False,Filled,-0.0011128727567129,aux,0.0,quote,-0.0011128727567129,aux,True,True,False,False,-0.0011128727567129,0.0,False
9201409292387011330,Bid,Maker,OrderChange,True,Filled,-0.0006263188073394,aux,0.0,base,-0.0006263188073394,aux,True,True,False,False,-0.0006263188073394,0.0,False
9201649535677948894,Ask,Maker,Trade,False,Filled,-0.002,base,-0.002,base,0.0,aux,False,False,True,True,0.0,-0.002,False
9201769107566702767,Bid,Maker,OrderChange,True,Filled,-0.0011208237677245,aux,0.0,base,-0.0011208237677245,aux,True,True,False,False,-0.0011208237677245,0.0,False
9201771856346240015,Bid,Taker,Trade,False,Filled,0.1045,base,0.1045,base,0.0,aux,False,False,True,True,0.0,0.1045,False
9201774330248117116,Bid,Taker,OrderChange,True,Placed,0.014135,base,0.0,base,0.0,aux,True,False,True,True,0.014135,0.014135,False
9201785325362966179,Bid,Maker,OrderChange,True,Filled,-0.0011198840657859,aux,0.0,base,-0.0011198840657859,aux,True,True,False,False,-0.0011198840657859,0.0,False
9201802367791692942,Ask,Maker,OrderChange,True,Filled,-0.002,base,0.0,quote,0.0,aux,True,True,True,True,-0.002,-0.002,False
9202010175490859121,Ask,Maker,Trade,False,Placed,-0.0003331,base,-0.0003331,base,0.0,aux,False,False,True,True,0.0,-0.0003331,False
9202033814989543480,Bid,Maker,Trade,False,Filled,-0.0011244729421243,aux,0.0,base,-0.0011244729421243,aux,True,True,False,False,-0.0011244729421243,0.0,False
9202129197621864894,Bid,Maker,OrderChange,True,Filled,-0.0011188771413276,aux,0.0,base,-0.0011188771413276,aux,True,True,False,False,-0.0011188771413276,0.0,False
9202145415421294717,Bid,Maker,OrderChange,True,Filled,-0.0011116176470588,aux,0.0,base,-0.0011116176470588,aux,True,True,False,False,-0.0011116176470588,0.0,False
9202174827356843132,Bid,Maker,OrderChange,True,Filled,-0.00826765,quote,0.0,base,0.0,aux,True,True,True,True,-0.00826765,-0.00826765,False
9202211935874444236,Bid,Maker,OrderChange,True,Filled,-0.0011040029403902,aux,0.0,base,-0.0011040029403902,aux,True,True,False,False,-0.0011040029403902,0.0,False
9202329583618514793,Ask,Maker,Trade,False,Filled,-0.0006326251997868,aux,0.0,quote,-0.0006326251997868,aux,True,True,False,False,-0.0006326251997868,0.0,False
9202749871936561926,Bid,Maker,Trade,False,Filled,-0.0010518129897728,aux,0.0,base,-0.0010518129897728,aux,True,True,False,False,-0.0010518129897728,0.0,False
9202944485495424533,Ask,Maker,Trade,False,Filled,-0.0075,base,-0.0075,base,0.0,aux,False,False,True,True,0.0,-0.0075,False
9202944485497156788,Ask,Maker,Trade,False,Filled,-0.0013312068737607,aux,0.0,quote,-0.0013312068737607,aux,True,True,False,False,-0.0013312068737607,0.0,False
9202944485496956341,Ask,Maker,Trade,False,Filled,-0.0010846530072703,aux,0.0,quote,-0.0010846530072703,aux,True,True,False,False,-0.0010846530072703,0.0,False
9202945035252971029,Ask,Maker,Trade,False,Filled,-0.000977395902181,aux,0.0,quote,-0.000977395902181,aux,True,True,False,False,-0.000977395902181,0.0,False
9202945035252971062,Ask,Maker,Trade,False,Filled,-0.0010474219989423,aux,0.0,quote,-0.0010474219989423,aux,True,True,False,False,-0.0010474219989423,0.0,False
9203100891024032640,Bid,Maker,OrderChange,True,Filled,-0.008245,quote,0.0,base,0.0,aux,True,True,True,True,-0.008245,-0.008245,False
9203197922926568754,Ask,Maker,OrderChange,True,Filled,-0.00061952176781,aux,0.0,quote,-0.00061952176781,aux,True,True,False,False,-0.00061952176781,0.0,False
9203215789989607576,Ask,Maker,Trade,False,Filled,-0.0006201137756918,aux,0.0,quote,-0.0006201137756918,aux,True,True,False,False,-0.0006201137756918,0.0,False
9203215789990261550,Bid,Taker,Trade,False,Filled,0.0165,base,0.0165,base,0.0,aux,False,False,True,True,0.0,0.0165,False
9203243002902197043,Bid,Maker,OrderChange,True,Filled,-0.001720692603,quote,0.0,base,0.0,aux,True,True,True,True,-0.001720692603,-0.001720692603,False
9203243552659092104,Bid,Maker,OrderChange,True,Filled,-0.0003970677372925,aux,0.0,base,-0.0003970677372925,aux,True,True,False,False,-0.0003970677372925,0.0,False
9203251524116350135,Bid,Maker,OrderChange,True,Filled,-0.0006230563974173,aux,0.0,base,-0.0006230563974173,aux,True,True,False,False,-0.0006230563974173,0.0,False
9203447786943776795,Ask,Maker,Trade,False,Filled,-0.0075,base,-0.0075,base,0.0,aux,False,False,True,True,0.0,-0.0075,False
9203596495891676181,Ask,Maker,OrderChange,True,Filled,-0.0010607377789242,aux,0.0,quote,-0.0010607377789242,aux,True,True,False,False,-0.0010607377789242,0.0,False
9203598969792501616,Ask,Maker,Trade,False,Filled,-0.0010618405778408,aux,0.0,quote,-0.0010618405778408,aux,True,True,False,False,-0.0010618405778408,0.0,False
9203599244670408637,Bid,Taker,OrderChange,True,Filled,0.11,base,0.11,base,0.0,aux,False,False,True,True,0.0,0.11,False
9203599519550220172,Ask,Maker,OrderChange,True,Filled,-0.0010645400593471,aux,0.0,quote,-0.0010645400593471,aux,True,True,False,False,-0.0010645400593471,0.0,False
9203600619058040455,Ask,Maker,Trade,False,Filled,-0.05,base,-0.05,base,0.0,aux,False,False,True,True,0.0,-0.05,False
9203600619060788248,Ask,Maker,Trade,False,Filled,-0.0010670945684427,aux,0.0,quote,-0.0010670945684427,aux,True,True,False,False,-0.0010670945684427,0.0,False
9203600893938695268,Bid,Maker,OrderChange,True,Filled,-0.0006139530383176,aux,0.0,base,-0.0006139530383176,aux,True,True,False,False,-0.0006139530383176,0.0,False
9203638552210663170,Ask,Maker,Trade,False,Filled,-0.0013104304678437,aux,0.0,quote,-0.0013104304678437,aux,True,True,False,False,-0.0013104304678437,0.0,False
9203645699038339726,Bid,Maker,Trade,False,Filled,-0.0101799,quote,-0.0101799,quote,0.0,aux,False,False,True,True,0.0,-0.0101799,False
9203677859752949054,Bid,Maker,Trade,False,Filled,-0.0010368808049535,aux,0.0,base,-0.0010368808049535,aux,True,True,False,False,-0.0010368808049535,0.0,False
9203692703158654003,Ask,Maker,Trade,False,Filled,-0.00435,base,-0.00435,base,0.0,aux,False,False,True,True,0.0,-0.00435,False
9203692703160479507,Ask,Maker,Trade,False,Filled,-0.04565,base,-0.04565,base,0.0,aux,False,False,True,True,0.0,-0.04565,False
9203694077549254467,Bid,Maker,OrderChange,True,Filled,-0.000609217823059,aux,0.0,base,-0.000609217823059,aux,True,True,False,False,-0.000609217823059,0.0,False
9203694902181152125,Bid,Maker,OrderChange,True,Filled,-0.0006090920815063,aux,0.0,base,-0.0006090920815063,aux,True,True,False,False,-0.0006090920815063,0.0,False
9203725688508108912,Ask,Maker,OrderChange,True,Filled,-0.05,base,0.0,quote,0.0,aux,True,True,True,True,-0.05,-0.05,False
9203803204078962347,Bid,Maker,Trade,False,Filled,-0.0006087416193914,aux,0.0,base,-0.0006087416193914,aux,True,True,False,False,-0.0006087416193914,0.0,False
9203803204076221782,Bid,Maker,Trade,False,Filled,-0.0006162648272305,aux,0.0,base,-0.0006162648272305,aux,True,True,False,False,-0.0006162648272305,0.0,False
9203803204078962464,Bid,Maker,Trade,False,Filled,-0.0013181201650335,aux,0.0,base,-0.0013181201650335,aux,True,True,False,False,-0.0013181201650335,0.0,False
9203804028710026218,Ask,Maker,Trade,False,Filled,-0.05,base,-0.05,base,0.0,aux,False,False,True,True,0.0,-0.05,False
9203913430116814824,Ask,Maker,OrderChange,True,Filled,-0.05,base,0.0,quote,0.0,aux,True,True,True,True,-0.05,-0.05,False
9203921951332534783,Bid,Maker,OrderChange,True,Filled,-0.0006107198242439,aux,0.0,base,-0.0006107198242439,aux,True,True,False,False,-0.0006107198242439,0.0,False
9204130858543338479,Bid,Maker,OrderChange,True,Filled,-0.0010798134231666,aux,0.0,base,-0.0010798134231666,aux,True,True,False,False,-0.0010798134231666,0.0,False
9204168241938338923,Ask,Maker,Trade,False,Filled,-0.0009888728891216,aux,0.0,quote,-0.0009888728891216,aux,True,True,False,False,-0.0009888728891216,0.0,False
9204168516816245879,Ask,Maker,OrderChange,True,Filled,-0.0009892670157068,aux,0.0,quote,-0.0009892670157068,aux,True,True,False,False,-0.0009892670157068,0.0,False
9204214421425105763,Ask,Maker,OrderChange,True,Filled,-0.0009894214444299,aux,0.0,quote,-0.0009894214444299,aux,True,True,False,False,-0.0009894214444299,0.0,False
9204245482628875855,Ask,Maker,Trade,False,Filled,-0.002,base,-0.002,base,0.0,aux,False,False,True,True,0.0,-0.002,False
9204292211874112234,Ask,Maker,Trade,False,Filled,-0.002,base,-0.002,base,0.0,aux,False,False,True,True,0.0,-0.002,False
9204309529183789867,Bid,Maker,OrderChange,True,Filled,-0.0010839166338969,aux,0.0,base,-0.0010839166338969,aux,True,True,False,False,-0.0010839166338969,0.0,False
9204438446920759418,Bid,Maker,Trade,False,Filled,-0.00788355,quote,-0.00788355,quote,0.0,aux,False,False,True,True,0.0,-0.00788355,False
9204438446919718265,Ask,Maker,Trade,False,Filled,-0.0010388764488935,aux,0.0,quote,-0.0010388764488935,aux,True,True,False,False,-0.0010388764488935,0.0,False
9204438721797338793,Ask,Maker,Trade,False,Filled,-1.9e-05,base,-1.9e-05,base,0.0,aux,False,False,True,True,0.0,-1.9e-05,False
9204447792769482538,Ask,Maker,Trade,False,Filled,-0.05,base,-0.05,base,0.0,aux,False,False,True,True,0.0,-0.05,False
9205207005547577491,Bid,Maker,OrderChange,True,Filled,-0.00784665,quote,0.0,base,0.0,aux,True,True,True,True,-0.00784665,-0.00784665,False
9205225972124083661,Bid,Maker,Trade,False,Filled,-0.0078201,quote,-0.0078201,quote,0.0,aux,False,False,True,True,0.0,-0.0078201,False
9205350216938167701,Bid,Maker,Trade,False,Filled,-0.0013446219704952,aux,0.0,base,-0.0013446219704952,aux,True,True,False,False,-0.0013446219704952,0.0,False
9205778201839007274,Ask,Maker,Trade,False,Filled,-0.0010995153896529,aux,0.0,quote,-0.0010995153896529,aux,True,True,False,False,-0.0010995153896529,0.0,False
9205779301349910366,Ask,Maker,Trade,False,Filled,-0.0011043483955468,aux,0.0,quote,-0.0011043483955468,aux,True,True,False,False,-0.0011043483955468,0.0,False
9205779576226476102,Ask,Maker,OrderChange,True,Filled,-0.05,base,0.0,quote,0.0,aux,True,True,True,True,-0.05,-0.05,False
9205779576226421912,Bid,Maker,OrderChange,True,Filled,-0.00845455,quote,0.0,base,0.0,aux,True,True,True,True,-0.00845455,-0.00845455,False
9205780675738025754,Bid,Maker,Trade,False,Filled,-0.001606164705,quote,-0.001606164705,quote,0.0,aux,False,False,True,True,0.0,-0.001606164705,False
9205780675738025772,Bid,Maker,Trade,False,Filled,-0.0008974178513425,aux,0.0,base,-0.0008974178513425,aux,True,True,False,False,-0.0008974178513425,0.0,False
9205786448174096238,Bid,Maker,OrderChange,True,Filled,-0.0011084490437516,aux,0.0,base,-0.0011084490437516,aux,True,True,False,False,-0.0011084490437516,0.0,False
9205858741063904652,Bid,Maker,Trade,False,Filled,-0.0047595,quote,-0.0047595,quote,0.0,aux,False,False,True,True,0.0,-0.0047595,False
9205891451535373406,Ask,Maker,Trade,False,Filled,-3e-06,base,-3e-06,base,0.0,aux,False,False,True,True,0.0,-3e-06,False
9205905195432961174,Ask,Maker,Trade,False,Filled,-0.0011212355718782,aux,0.0,quote,-0.0011212355718782,aux,True,True,False,False,-0.0011212355718782,0.0,False
9205935706878753464,Ask,Maker,Trade,False,Placed,-0.000978157875,aux,0.0,quote,-0.0009781578749999,aux,True,True,True,False,-0.000978157875,-1.0018028073766061e-16,False
9205981611490754121,Ask,Maker,Trade,False,Filled,-0.0005073746390128,aux,0.0,quote,-0.0005073746390128,aux,True,True,False,False,-0.0005073746390128,0.0,False
9206059401937098593,Bid,Maker,Trade,False,Filled,-0.0011302674708273,aux,0.0,base,-0.0011302674708273,aux,True,True,False,False,-0.0011302674708273,0.0,False
9206064624617149272,Bid,Maker,Trade,False,Filled,-0.0006216588050314,aux,0.0,base,-0.0006216588050314,aux,True,True,False,False,-0.0006216588050314,0.0,False
9206069572418305626,Bid,Maker,OrderChange,True,Filled,-0.0011290170380078,aux,0.0,base,-0.0011290170380078,aux,True,True,False,False,-0.0011290170380078,0.0,False
9206078368512344173,Bid,Maker,Trade,False,Filled,-0.0006211336828309,aux,0.0,base,-0.0006211336828309,aux,True,True,False,False,-0.0006211336828309,0.0,False
9206079468024317185,Bid,Maker,Trade,False,Filled,-0.0004611340246395,aux,0.0,base,-0.0004611340246395,aux,True,True,False,False,-0.0004611340246395,0.0,False
9206079742901615034,Bid,Maker,Trade,False,Filled,-0.0006682106673656,aux,0.0,base,-0.0011293446920052,aux,True,True,True,False,-0.0006682106673656,0.0004611340246395999,False
9206080017779645022,Bid,Maker,OrderChange,True,Filled,-0.0011290760157273,aux,0.0,base,-0.0011290760157273,aux,True,True,False,False,-0.0011290760157273,0.0,False
9206108605084166353,Ask,Maker,Trade,False,Filled,-0.0011322589098532,aux,0.0,quote,-0.0011322589098532,aux,True,True,False,False,-0.0011322589098532,0.0,False
9206113003129703902,Ask,Maker,OrderChange,True,Filled,-0.001133752620545,aux,0.0,quote,-0.001133752620545,aux,True,True,False,False,-0.001133752620545,0.0,False
9206126197267968403,Bid,Maker,OrderChange,True,Filled,-0.0006153518542786,aux,0.0,base,-0.0006153518542786,aux,True,True,False,False,-0.0006153518542786,0.0,False
9206129495803898983,Bid,Maker,Trade,False,Filled,-0.0006208218639402,aux,0.0,base,-0.0006208218639402,aux,True,True,False,False,-0.0006208218639402,0.0,False
9206133618971444708,Bid,Maker,Trade,False,Filled,-0.0011314392449862,aux,0.0,base,-0.0011314392449862,aux,True,True,False,False,-0.0011314392449862,0.0,False
9206152585548740546,Bid,Maker,Trade,False,Filled,-0.0047295,quote,-0.0047295,quote,0.0,aux,False,False,True,True,0.0,-0.0047295,False
9206160282128008408,Ask,Maker,Trade,False,Filled,-0.0011222178529296,aux,0.0,quote,-0.0011222178529296,aux,True,True,False,False,-0.0011222178529296,0.0,False
9206167154075024822,Bid,Maker,OrderChange,True,Filled,-0.0046911,quote,0.0,base,0.0,aux,True,True,True,True,-0.0046911,-0.0046911,False
9206288650110255315,Ask,Maker,Trade,False,Filled,-0.0011358114293186,aux,0.0,quote,-0.0011358114293186,aux,True,True,False,False,-0.0011358114293186,0.0,False
9206302943761025997,Ask,Maker,Trade,False,Filled,-0.001142019884877,aux,0.0,quote,-0.001142019884877,aux,True,True,False,False,-0.001142019884877,0.0,False
9206304867906765598,Bid,Maker,Trade,False,Filled,-0.00473625,quote,-0.00473625,quote,0.0,aux,False,False,True,True,0.0,-0.00473625,False
9206306242298528920,Bid,Maker,Trade,False,Filled,-0.0011393745092907,aux,0.0,base,-0.0011393745092907,aux,True,True,False,False,-0.0011393745092907,0.0,False
9206328507407226981,Ask,Maker,Trade,False,Filled,-0.05,base,-0.05,base,0.0,aux,False,False,True,True,0.0,-0.05,False
9206333455211325305,Ask,Maker,OrderChange,True,Filled,-0.0011393758995158,aux,0.0,quote,-0.0011393758995158,aux,True,True,False,False,-0.0011393758995158,0.0,False
9206333455212385775,Ask,Maker,Trade,False,Filled,-0.05,base,-0.05,base,0.0,aux,False,False,True,True,0.0,-0.05,False
9206671829912551872,Ask,Taker,OrderChange,True,Filled,0.01743687,quote,0.01743687,quote,0.0,aux,False,False,True,True,0.0,0.01743687,False
9206785904243638548,Bid,Maker,Trade,False,Filled,-0.0006142894123738,aux,0.0,base,-0.0006142894123738,aux,True,True,False,False,-0.0006142894123738,0.0,False
9206853799088706979,Bid,Maker,OrderChange,True,Filled,-0.007412,quote,0.0,base,0.0,aux,True,True,True,True,-0.007412,-0.007412,False
9206856822744316424,Bid,Maker,Trade,False,Placed,-0.0012663402,quote,-0.0012663402,quote,0.0,aux,False,False,True,True,0.0,-0.0012663402,False
9206931864414492773,Bid,Maker,Trade,False,Filled,-0.004752,quote,-0.004752,quote,0.0,aux,False,False,True,True,0.0,-0.004752,False
9207376341988418632,Bid,Maker,Trade,False,Filled,-0.000393029868,quote,-0.000393029868,quote,0.0,aux,False,False,True,True,0.0,-0.000393029868,False
9207376341991504291,Bid,Maker,Trade,False,Filled,-0.008180920132,quote,-0.008180920132,quote,0.0,aux,False,False,True,True,0.0,-0.008180920132,False
9207907955860593646,Ask,Maker,OrderChange,True,Filled,-3e-06,base,0.0,quote,0.0,aux,True,True,True,True,-3e-06,-3e-06,False
9208732039826812975,Bid,Maker,Trade,False,Filled,-0.0010990703419581,aux,0.0,base,-0.0010990703419581,aux,True,True,False,False,-0.0010990703419581,0.0,False
9210494831842652449,Bid,Maker,Trade,False,Filled,-0.00836045,quote,-0.00836045,quote,0.0,aux,False,False,True,True,0.0,-0.00836045,False
9211048985704352055,Bid,Maker,Trade,False,Filled,-0.0010923383930908,aux,0.0,base,-0.0010923383930908,aux,True,True,False,False,-0.0010923383930908,0.0,False
9211177353687232759,Bid,Maker,Trade,False,Filled,-0.0006186617877679,aux,0.0,base,-0.0006186617877679,aux,True,True,False,False,-0.0006186617877679,0.0,False
9212250202155629979,Ask,Maker,Trade,False,Filled,-3e-06,base,-3e-06,base,0.0,aux,False,False,True,True,0.0,-3e-06,False
9212324144315808769,Ask,Maker,OrderChange,True,Filled,-0.0006115543464009,aux,0.0,quote,-0.0006115543464009,aux,True,True,False,False,-0.0006115543464009,0.0,False
9212835417221731329,Bid,Maker,OrderChange,True,Filled,-0.0010549674054758,aux,0.0,base,-0.0010549674054758,aux,True,True,False,False,-0.0010549674054758,0.0,False
9212920354496146257,Bid,Maker,Trade,False,Filled,-0.0012434275390625,aux,0.0,base,-0.0012434275390624,aux,True,True,True,False,-0.0012434275390625,-9.996344030316351e-17,False
9212920354496470477,Bid,Maker,OrderChange,True,Filled,-6.54435546875e-05,aux,0.0,base,-0.0013088710937499,aux,True,True,True,False,-6.54435546875e-05,0.0012434275390624,False
9212920354496474973,Bid,Maker,Trade,False,Filled,-0.0006103515625,aux,0.0,base,-0.0006103515624999,aux,True,True,True,False,-0.0006103515625,-9.996344030316351e-17,False
